"gene_id","baseMean_T30d","baseMean_T10d","baseMean","log2FoldChange","lfcSE","stat","pvalue","padj"
"Mper.PacBio.PsGc_0.g1121",20.6182426568188,12.9021082600933,12.5603738754099,0.671330964814191,0.364599582687537,1.84128286671552,0.0655801171706287,0.254359453454723
"Mper.PacBio.PsGc_0.g1150",9.62474266364704,0.151567537407077,4.28205935188277,5.75386196926763,1.58525504723593,3.62961277385626,0.000283846703040124,0.0124868870263974
"Mper.PacBio.PsGc_0.g119",8.76935594433081,0.303135074814154,7.05350835582197,5.0290311697202,1.54763496049837,3.24949442089415,0.00115610345982037,0.0218979596507152
"Mper.PacBio.PsGc_0.g150",0.245571110474088,0,1.80746937577332,1.2679994981962,1.85133561334113,0.684910660746069,0.493400298335525,0.821745529321895
"Mper.PacBio.PsGc_0.g1542",0,0.151567537407077,1.92453991169962,-0.456941003929083,1.81349131528257,-0.251967572206368,0.80106612890576,0.991610300863435
"Mper.PacBio.PsGc_0.g1570",0.421290264490324,0.280600664996066,7.65051047345134,0.646257602925736,1.521684811683,0.424698727334322,0.671056311672359,0.977183216109485
"Mper.PacBio.PsGc_0.g1613",0.245571110474088,0,4.70894234721222,1.26888021460806,1.7095192911982,0.742243870040626,0.457939592983895,0.784343345429863
"Mper.PacBio.PsGc_0.g1646",2.41153205885227,1.51161926914468,2.73405103447134,0.702762973767674,0.922640939179039,0.761686311462603,0.446247247063631,0.784343345429863
"Mper.PacBio.PsGc_0.g1868",0.467407543369384,0,2.03311190990637,2.06570424529271,1.77658310028682,1.16274000634094,0.244935004702901,0.555415996579818
"Mper.PacBio.PsGc_0.g1945",1.25159022994923,0,7.18242259464427,3.43064628753046,1.47733115795492,2.32219179095872,0.0202226108169768,0.118394194237573
"Mper.PacBio.PsGc_0.g2118",0.356489326921736,0,2.56006801132387,1.70452283834965,1.67383315413623,1.01833497211928,0.308518793936196,0.635018694438692
"Mper.PacBio.PsGc_0.g2212",3.21041194880506,3.40432213576695,3.34765602466467,-0.0495108627500017,0.674989124034393,-0.0733506081610272,0.941527120637686,1
"Mper.PacBio.PsGc_0.g2226",3.63795416268468,0,3.00939363249701,4.93782501041704,1.63935225163701,3.01205857709121,0.00259482520498664,0.0397873198097952
"Mper.PacBio.PsGc_0.g2246",3.04045473857685,2.67679943156156,2.73492582880818,0.203713877963691,0.798912673246767,0.254988917794735,0.798731658701069,0.991610300863435
"Mper.PacBio.PsGc_0.g2302",0.221836432895296,0,2.12589571684637,1.26227153417524,1.60858212302962,0.784710656735305,0.432623233179221,0.77823844180843
"Mper.PacBio.PsGc_0.g2309",5.15207890458686,6.24408113609144,4.02589885159067,-0.255816979262198,0.787533738529748,-0.324833041108542,0.745307436232478,0.991610300863435
"Mper.PacBio.PsGc_0.g2341",2.22908502466343,3.07308146190359,2.84599120292501,-0.462318276054319,0.709701332979654,-0.651426529119359,0.514771190049006,0.841402655816142
"Mper.PacBio.PsGc_0.g2444",90.7236130109515,58.3894364502782,73.9567695330063,0.636399680693714,0.246424566519709,2.58253342871485,0.0098077860095712,0.085354245813025
"Mper.PacBio.PsGc_0.g2460",2.72464871186161,1.98415229103797,2.06839866621668,0.485810188961803,0.831205689659898,0.584464465300496,0.558907865979676,0.865232369449306
"Mper.PacBio.PsGc_0.g261",1.77646235702968,3.00406725181262,3.29680723918919,-0.754314332685605,0.812336043550295,-0.928574250366748,0.353109771551231,0.678036486130227
"Mper.PacBio.PsGc_0.g2651",9.0036497600848,0.454702612221231,2.46576966815108,4.36786380834278,2.05458310538018,2.12591245246055,0.0335105498416477,0.163490864378948
"Mper.PacBio.PsGc_0.g2716",0,0,6.82698925320262,0,1.76030891594789,0,1,1
"Mper.PacBio.PsGc_0.g316",53.8121653289183,57.1723276370521,50.3992869887097,-0.0888885925180238,0.279937183044281,-0.317530495775416,0.750841103495246,0.991610300863435
"Mper.PacBio.PsGc_0.g549",0,0.151567537407077,9.19133769388735,-0.456952542891364,1.77317714411007,-0.2577027029754,0.796636359878252,0.991610300863435
"Mper.PacBio.PsGc_0.g633",6.34804545480425,5.29557712417065,5.38480978733967,0.288534246817897,0.531814900201114,0.542546376020648,0.58744216853098,0.888058113929463
"Mper.PacBio.PsGc_0.g647",2.09314664776681,2.62590976980065,2.6952924009328,-0.300792562222002,0.814921183890325,-0.36910632361532,0.712048475681938,0.979169594812235
"Mper.PacBio.PsGc_0.g651",3.7653520751131,3.57592946662686,4.1781917564619,0.0856827796908074,0.725478669896732,0.118105167313884,0.905984329186607,1
"Mper.PacBio.PsGc_0.g659",1.73450835280417,3.04246398441855,2.73947742153894,-0.819852069682346,0.702792326320893,-1.16656377563805,0.243386579348747,0.555415996579818
"Mper.PacBio.PsGc_0.g708",6.74133819924803,0.151567537407077,7.55161274242755,5.24600316142656,1.46704024435578,3.57590951005591,0.000349012370303033,0.0124868870263974
"Mper.PacBio.PsGc_0.g755",31.2106527533482,35.4420249626323,27.9002826386681,-0.18621285010454,0.313231318585215,-0.59448988353277,0.552184506606326,0.865232369449306
"Mper.PacBio.PsGc_0.g784",2.58933988760426,1.25733092441435,1.87522798732379,1.10514474892524,1.15532076559053,0.956569622775159,0.33878452746821,0.673386529905948
"Mper.PacBio.PsGc_0.g795",5.44671344474889,3.61924185453755,4.86238137704188,0.545669760856855,0.545579943465653,1.00016462736997,0.31723084441287,0.642442338999649
"Mper.PacBio.PsGc_0.g8",0.356489326921736,0.280600664996066,3.30908958215853,0.533170094642688,1.69437193667881,0.314671226016509,0.753011293507123,0.991610300863435
"Mper.PacBio.PsGc_0.g817",8.88479183825719,8.81472250948613,10.4724816352302,0.00169583872295836,0.446255951096705,0.00380014814097318,0.996967927767312,1
"Mper.PacBio.PsGc_0.g894",0,0.151567537407077,2.44037357886703,-0.456941437602502,1.63927263010669,-0.278746456940944,0.780439407446592,0.991610300863435
"Mper.PacBio.PsGc_0.g940",0.760448009001058,0.129033127588989,1.78967724465431,2.12986273399845,1.75456976067993,1.21389458642732,0.224787980436344,0.524505287684802
"Mper.PacBio.PsGc_0.g993",0,0,2.10335236123152,0,2.23874498335275,0,1,1
"Mper.PacBio.PsGc_0.g995",0,0,2.0423169150214,0,1.78056736723926,0,1,1
"Mper.PacBio.PsGc_1.g1050",0.110918216447648,0,2.12535604154641,0.697203315523959,1.78316886674767,0.390991189070943,0.695803748614357,0.979169594812235
"Mper.PacBio.PsGc_1.g1181",41.2044278620702,40.6949633574532,49.9410066424965,0.0208353193141125,0.314719449790006,0.066202833437891,0.94721634096852,1
"Mper.PacBio.PsGc_1.g1184",8.12079897598176,9.47961730167149,4.9404621485365,-0.230606292249172,0.714353701186095,-0.322818082787671,0.74683301751972,0.991610300863435
"Mper.PacBio.PsGc_1.g1347",1.72323082149116,0.151567537407077,1.94799926075947,3.28048905269836,1.69365122200597,1.93693306512833,0.0527535259591592,0.218955650922508
"Mper.PacBio.PsGc_1.g1415",0,0,1.97831258352457,0,1.75725203314358,0,1,1
"Mper.PacBio.PsGc_1.g1440",0,0,2.43850921737152,0,1.95054423334373,0,1,1
"Mper.PacBio.PsGc_1.g1519",0.776427515133534,0,2.22319234686129,2.81661715474093,1.5340881610616,1.83602039715359,0.066354640031667,0.254359453454723
"Mper.PacBio.PsGc_1.g1729",192.1466202686,346.13996666461,177.155775199544,-0.849436235416785,0.50906974186915,-1.66860484046432,0.0951957189613575,0.297602150539389
"Mper.PacBio.PsGc_1.g1757",6.68541611210304,1.98796001043757,2.9779952611443,1.73384066199247,0.710007576376944,2.44200304289707,0.0146060235129315,0.104514212692532
"Mper.PacBio.PsGc_1.g1872",42.4752737112625,33.3047544040251,37.255403086348,0.354805883803186,0.261406921339354,1.35729337993535,0.174688009972054,0.439449525085949
"Mper.PacBio.PsGc_1.g1899",1.31793484198446,3.23787175710837,4.25419445487132,-1.30964763460965,0.732173778235477,-1.78871146924419,0.0736612948954246,0.262485957351394
"Mper.PacBio.PsGc_1.g1900",0,0,2.65313316246064,0,1.80480544868058,0,1,1
"Mper.PacBio.PsGc_1.g191",0.134652894026441,0,4.14743117356674,0.697207870880915,1.57701731212831,0.44210540082149,0.658412936376606,0.97251819042783
"Mper.PacBio.PsGc_1.g1926",0,0,7.94903841876027,0,1.71507859633385,0,1,1
"Mper.PacBio.PsGc_1.g2085",3.71984008980832,1.7892723657202,2.0477038099371,1.11179158358655,0.894798292514139,1.24250525832221,0.214050201602054,0.518226803878657
"Mper.PacBio.PsGc_1.g2226",9.97005284916939,12.6362988795617,12.5140059808679,-0.337176350516154,0.368730124913751,-0.914425829988863,0.360493134441338,0.678823329181935
"Mper.PacBio.PsGc_1.g2331",4.34907595579721,1.38832378289051,3.08050909335058,1.69546213447719,1.18282356908114,1.43340239305029,0.151742874917295,0.399197024560256
"Mper.PacBio.PsGc_1.g2361",3.1386023859015,1.6486064599553,4.32646043124074,0.955983784788902,0.921552192181464,1.03736260723978,0.299566898106835,0.634392625458739
"Mper.PacBio.PsGc_1.g2369",0,0,1.91037463743307,0,2.06577882183503,0,1,1
"Mper.PacBio.PsGc_1.g2439",1.86963017347754,0.151567537407077,1.81301039239912,3.41768659848134,1.73064114446411,1.97480951462044,0.0482897688933625,0.210125751130578
"Mper.PacBio.PsGc_1.g2651",0,0.151567537407077,2.3715180684957,-0.456944095592047,1.7663765418505,-0.258690083776441,0.795874371196411,0.991610300863435
"Mper.PacBio.PsGc_1.g2858",0,0,4.39272890317497,0,1.67854760668367,0,1,1
"Mper.PacBio.PsGc_1.g2869",12.7731278375525,4.89960462658968,7.76430506543585,1.40022452959401,0.598763927677341,2.33852519310173,0.0193600203383203,0.118394194237573
"Mper.PacBio.PsGc_1.g2915",2.05745937178174,1.77489531828543,2.4852097842724,0.25038568492187,0.894021661940856,0.280066686950628,0.779426342298377,0.991610300863435
"Mper.PacBio.PsGc_1.g2945",0,0.151567537407077,4.66472008687889,-0.4569469233482,1.59223832426108,-0.286984000061837,0.774124571279718,0.991610300863435
"Mper.PacBio.PsGc_1.g2946",0,0.151567537407077,2.35202803392894,-0.456944704815064,1.71090770493869,-0.267077355193416,0.789409602440664,0.991610300863435
"Mper.PacBio.PsGc_1.g2950",6.06882051182008,2.20828506693598,11.2839807547345,1.47353281943451,0.931171247036664,1.58245094457528,0.113546662591569,0.326446654950762
"Mper.PacBio.PsGc_1.g3002",2.75031002369034,3.70049098489285,2.13088343968602,-0.434385828413874,0.671645667781405,-0.646748500364407,0.517794727942933,0.842070214129417
"Mper.PacBio.PsGc_1.g3056",14.2003572637519,1.61250104455293,3.38077455111985,3.16108029663527,1.73322531995757,1.82381382284022,0.0681802234150999,0.255279441158862
"Mper.PacBio.PsGc_1.g3236",0.110918216447648,0,1.90466576413084,0.697203789239719,1.8521171921013,0.376436109017873,0.706592705656613,0.979169594812235
"Mper.PacBio.PsGc_1.g3238",1.53687552413459,0,2.4037166283528,3.7190711335543,1.68509237165523,2.20704288744784,0.0273110632285586,0.140492349608255
"Mper.PacBio.PsGc_1.g3244",9.48462575937835,7.29514010383217,11.0238330664139,0.382432363342634,0.409234308798804,0.934507090730395,0.350042380059746,0.678036486130227
"Mper.PacBio.PsGc_1.g352",0.289518342357896,0.287890838294296,2.25522389011767,0.113561961536694,1.6675901883047,0.0680994421370059,0.945706474437837,1
"Mper.PacBio.PsGc_1.g381",5.06986041774364,5.49410595549074,8.20093547596247,-0.0772994688932853,0.491850061930425,-0.157160636698709,0.875118250088145,1
"Mper.PacBio.PsGc_1.g420",126.246381620804,154.704554720859,113.294106779301,-0.294239319129009,0.356195088226371,-0.826062258730565,0.40876877553947,0.747861055248349
"Mper.PacBio.PsGc_1.g421",102.998989851931,176.153829263962,101.693257975191,-0.774922736667398,0.423656947803775,-1.82912788444654,0.0673804525837447,0.255253008611362
"Mper.PacBio.PsGc_1.g428",4.60146267892469,8.73897659446099,3.79482145429146,-0.915939303441736,0.742180442196733,-1.23411942886922,0.217158404744713,0.521828405431325
"Mper.PacBio.PsGc_1.g429",49.1004624328666,75.7590880192816,50.5037035990886,-0.625858707484481,1.08316306104891,-0.577806546392391,0.56339473504426,0.865954771678173
"Mper.PacBio.PsGc_1.g521",0,0.24839320788924,5.56587235434647,-1.02249887328938,1.70326312264971,-0.600317625440459,0.548294574450496,0.865232369449306
"Mper.PacBio.PsGc_1.g549",291.867016742042,270.53208433597,304.452428040953,0.110672713198544,0.133372579729667,0.829801098718093,0.406651249528264,0.747861055248349
"Mper.PacBio.PsGc_1.g559",15.557786425307,13.0986328747618,18.1071038998523,0.246697502560573,0.372865592077829,0.661625818531089,0.508211056734468,0.834918164635198
"Mper.PacBio.PsGc_1.g570",2.74099639892624,0.551528282703394,1.78068067518168,2.37960753528396,1.50156710446921,1.58474937830043,0.113023288010204,0.326446654950762
"Mper.PacBio.PsGc_1.g618",0,0,17.762169879212,0,1.59251564094765,0,1,1
"Mper.PacBio.PsGc_1.g650",1.16440669108038,0.151567537407077,2.29780276052934,2.74978318275413,1.35929104020138,2.02295395278023,0.0430778952075931,0.197319356176451
"Mper.PacBio.PsGc_1.g677",4.38186606654364,3.83386671735952,3.35093918609799,0.21187658468542,0.739097944887355,0.286669156843227,0.774365656069571,0.991610300863435
"Mper.PacBio.PsGc_1.g790",76.6802807615682,68.1301770207778,62.0576169745451,0.172285582692859,0.227660819782182,0.75676430778777,0.449191079796531,0.784343345429863
"Mper.PacBio.PsGc_1.g821",2.05175242266156,0.151567537407077,2.01195018495288,3.53367425746754,2.10749096560433,1.67672095166218,0.0935970616082623,0.295473076841769
"Mper.PacBio.PsGc_1.g897",3.39052619147965,0.784677254072776,2.3666863168536,2.15138496992044,1.24586831428489,1.72681570375702,0.0842007672689199,0.273865121824164
"Mper.PacBio.PsGc_1.g899",0,0,3.3324738953335,0,1.66375743885675,0,1,1
"Mper.PacBio.PsGc_1.g965",2.14854799370768,0,3.31153359149708,4.19339570008183,1.40455773216452,2.98556307373675,0.00283056757410851,0.0414292163119518
"Mper.PacBio.PsGc_1.g989",1.15921930526377,1.39820012934094,1.78016359606036,-0.21659887442287,0.961549188544755,-0.2252603163762,0.821776769263385,1
"Mper.PacBio.PsGc_10.g1023",4.09998272204935,0.147224932529394,1.82809383255354,4.52869092092061,1.78652117863955,2.53492148599617,0.01124725314345,0.0927530879149099
"Mper.PacBio.PsGc_10.g1087",5.79101276961663,0.151567537407077,2.96154942160004,5.02532382278136,1.73109330172578,2.90297687465573,0.0036963393028601,0.0482707895560293
"Mper.PacBio.PsGc_10.g1150",7.48275374208268,0,2.05239283193847,5.96634134332141,2.063137785459,2.89187730716397,0.00382947463644655,0.0482707895560293
"Mper.PacBio.PsGc_10.g1239",1.80433923030768,1.55685454088456,3.07609406880664,0.273645986171176,0.886907575191746,0.308539462087709,0.757671877448865,0.991610300863435
"Mper.PacBio.PsGc_10.g1264",0.154865448331455,0,3.43095561723596,0.697202034981976,1.69577562858941,0.411140497143438,0.680969516423883,0.977183216109485
"Mper.PacBio.PsGc_10.g1266",42.7161161175202,65.4815651216882,62.639410933739,-0.612587391269322,0.217199924901711,-2.82038491287018,0.00479660756589155,0.0551609870077528
"Mper.PacBio.PsGc_10.g1334",0.110918216447648,0.151567537407077,3.44625284330854,0.120131042899735,1.707355436045,0.0703608869972687,0.943906421714615,1
"Mper.PacBio.PsGc_10.g1339",2.59036399876732,0.151567537407077,2.28665758869608,3.87323059927203,1.69973969054374,2.27871986564778,0.022683723069227,0.12593377290157
"Mper.PacBio.PsGc_10.g1418",2.63144503760827,1.90936359255419,1.87261015839571,0.489884839393219,0.963776799485075,0.508296982926912,0.611245085597,0.915446128196437
"Mper.PacBio.PsGc_10.g1446",1.82991598976627,0.151567537407077,3.01959901190716,3.38916955784662,1.55190274150595,2.18388012805352,0.0289710576037728,0.145760633568982
"Mper.PacBio.PsGc_10.g323",0.380224004500529,0,2.92395011174448,1.75408780496622,1.58964895606569,1.10344349818435,0.269834615656418,0.591310384347975
"Mper.PacBio.PsGc_10.g545",51.4583190046436,41.2500192465863,52.0543432802231,0.321066612629058,0.227028991820722,1.41420974499413,0.157300327550715,0.405205643770643
"Mper.PacBio.PsGc_10.g564",3.03247723333956,4.46402122689826,2.64552961936083,-0.563100195607405,0.755192418869454,-0.74563804076633,0.455886096734028,0.784343345429863
"Mper.PacBio.PsGc_10.g662",3.82772477408997,2.33977536323184,3.50968493805602,0.71207706230466,0.700850980229971,1.01601778750599,0.30962091623253,0.635018694438692
"Mper.PacBio.PsGc_10.g692",1.52089601800212,0.303135074814154,3.03727115773964,2.52392639783042,1.59447995637678,1.5829150988926,0.113440816828977,0.326446654950762
"Mper.PacBio.PsGc_10.g728",19.6292825623347,19.1866832201201,18.4402003152484,0.026494750926972,0.288313543310659,0.0918956169132289,0.926780973924192,1
"Mper.PacBio.PsGc_10.g747",201.589550118318,141.13143677906,172.596913604062,0.512161079311101,0.159815802829462,3.20469609540194,0.00135205155284293,0.0229137157902855
"Mper.PacBio.PsGc_10.g750",111.058701436355,70.2583404967049,54.4502717819399,0.658431724126222,0.270556399970083,2.43362095370513,0.0149486400716883,0.104640480501818
"Mper.PacBio.PsGc_10.g751",521.635418655087,305.078479323422,280.012316613692,0.773124431335145,0.214661139095967,3.60160406578998,0.000316259776337779,0.0124868870263974
"Mper.PacBio.PsGc_10.g841",5.4708356767151,10.3983243433305,12.3601883650447,-0.882122485279448,0.541184491710967,-1.62998478114293,0.103104713520368,0.30908414340037
"Mper.PacBio.PsGc_10.g869",4.97487107077183,0.151567537407077,1.97691524150176,4.80231348571278,2.04261699130392,2.35105920794637,0.0187200548348881,0.118394194237573
"Mper.PacBio.PsGc_10.g881",9.86288656779026,1.42537128269472,6.56717071883551,2.85115249371445,0.995743275170456,2.86334094822421,0.00419199216111066,0.0499933879954679
"Mper.PacBio.PsGc_10.g890",2.05175242266156,0,3.21776326648438,4.1281993445891,1.58041057801891,2.61210561483581,0.00899864500578475,0.0827875340532197
"Mper.PacBio.PsGc_2.g1002",6.34560385185488,0,2.03283351044945,5.72981015666049,2.07053641455922,2.7673071173106,0.005652148083951,0.0587094091300716
"Mper.PacBio.PsGc_2.g1007",7.00712186402714,0.151567537407077,8.93321537267571,5.30133356926368,1.45545262458527,3.64239514204339,0.000270113019541352,0.0124868870263974
"Mper.PacBio.PsGc_2.g1038",3.340724748841,3.08004768759184,2.26546560722199,0.103845377177893,0.778698830957857,0.133357561420961,0.893910606638262,1
"Mper.PacBio.PsGc_2.g1049",1.04573330318642,0,1.93984388619111,3.19090085354906,1.63013994739362,1.95743982512108,0.0502957800806156,0.21593654914611
"Mper.PacBio.PsGc_2.g1066",32.8236490807078,17.3516227178208,23.4527142090566,0.932176031020854,0.26326583440801,3.54081657848609,0.000398890777107434,0.012689776760529
"Mper.PacBio.PsGc_2.g1074",3.63675323218466,1.73974029275805,2.22645066275515,1.07268871623571,0.93430762962396,1.14811083868324,0.250922810306369,0.564882504674914
"Mper.PacBio.PsGc_2.g1079",0.380224004500529,0,2.63202209079915,1.75282332364594,1.60109276006082,1.09476687882803,0.273618780334933,0.591310384347975
"Mper.PacBio.PsGc_2.g1081",4.11283954904157,6.35671573752349,5.84137263731782,-0.611010677004535,0.552686424956305,-1.10552864954634,0.26893058735138,0.591310384347975
"Mper.PacBio.PsGc_2.g1124",2535.70750190669,1899.12004708536,2913.82258080209,0.417123301535323,0.167968178227318,2.48334717883773,0.0130154167460964,0.0974642835405362
"Mper.PacBio.PsGc_2.g1125",6.6669712715547,4.5639311089527,7.05031986978626,0.529045195897379,0.462446856042051,1.14401295843013,0.25261826296021,0.564882504674914
"Mper.PacBio.PsGc_2.g1203",63.5511257561975,47.1830008092378,56.9631778975121,0.432273134420561,0.18784781002137,2.30118804350918,0.0213810044276878,0.122940775459205
"Mper.PacBio.PsGc_2.g125",0,0,1.90181793496432,0,1.96631729197176,0,1,1
"Mper.PacBio.PsGc_2.g1250",3.59098499737539,3.72077152516575,5.17178386228203,-0.0439996200045472,0.589991032226373,-0.0745767606644994,0.94055146492421,1
"Mper.PacBio.PsGc_2.g1384",2.3165119762776,0.981072864295966,1.87577429286658,1.32785328483296,1.1049321056302,1.20175101987432,0.22946000747283,0.527758017187508
"Mper.PacBio.PsGc_2.g1442",0.134652894026441,0.13632330088722,3.31096451586642,0.120128413022109,1.79533576922899,0.0669113906607555,0.946652244926634,1
"Mper.PacBio.PsGc_2.g1468",3.21615911374194,0.303135074814154,3.45718839506888,3.59039179685751,1.61605702950124,2.22169869708473,0.0263036746693066,0.138848905631421
"Mper.PacBio.PsGc_2.g1527",0,0,3.47108637507543,0,1.77662808357096,0,1,1
"Mper.PacBio.PsGc_2.g1590",5.2526887663348,3.84607182867189,5.27593429633076,0.47705391478095,0.805627797512095,0.592151755753919,0.553748972082469,0.865232369449306
"Mper.PacBio.PsGc_2.g1591",15.050645561364,21.1137587296008,14.3171979520532,-0.489797403213298,0.551762354001118,-0.88769630559519,0.374704133704725,0.70148099449373
"Mper.PacBio.PsGc_2.g1716",0,0,1.98829029976825,0,2.14394217287269,0,1,1
"Mper.PacBio.PsGc_2.g1725",122.782925057843,4.52014910751654,21.3425279817227,4.76670016072479,2.89414580496248,1.6470145189477,0.0995550615890262,0.308237786842947
"Mper.PacBio.PsGc_2.g1750",0.110918216447648,0,2.07788365710152,0.697205677619347,1.80824441137971,0.385570486617664,0.699814794449431,0.979169594812235
"Mper.PacBio.PsGc_2.g2020",0,0,3.43449455443164,0,1.65083025187424,0,1,1
"Mper.PacBio.PsGc_2.g257",0,0.151567537407077,4.66255605950473,-0.456953040675664,1.74313255124274,-0.2621447464508,0.793209849975177,0.991610300863435
"Mper.PacBio.PsGc_2.g29",0,0,2.07187733909391,0,2.08397954792396,0,1,1
"Mper.PacBio.PsGc_2.g304",2.85593692849596,2.08524627168145,3.3649457995606,0.448190321138014,0.778383942883746,0.575795949075677,0.564753111964026,0.865954771678173
"Mper.PacBio.PsGc_2.g392",0,0.13632330088722,2.83662089567695,-0.456948089596734,1.79921900657993,-0.253970243714427,0.799518546616146,0.991610300863435
"Mper.PacBio.PsGc_2.g433",0.110918216447648,0,2.46863789016281,0.697201631581,1.73996416407555,0.400698845399166,0.688641860971164,0.977183216109485
"Mper.PacBio.PsGc_2.g59",3.7885865628436,0,2.53381371944723,5.00128731580145,1.55260981905081,3.22121324651868,0.00127649130331208,0.0228350110925827
"Mper.PacBio.PsGc_2.g605",0.134652894026441,0,2.18789870759768,0.697204205512902,1.72426472222645,0.404348703842088,0.685956315474706,0.977183216109485
"Mper.PacBio.PsGc_2.g634",1.44969198526574,0.151567537407077,2.37306437876353,3.06644434293303,1.52637036203102,2.00897791205324,0.0445394762441679,0.197319356176451
"Mper.PacBio.PsGc_2.g691",0.689243976264679,0,8.9395770739819,2.64837729651839,1.47966463871007,1.7898496910943,0.0734780783407738,0.262485957351394
"Mper.PacBio.PsGc_2.g713",1.85365066734506,0.151567537407077,2.04984368067661,3.4115760833919,1.44925847910955,2.35401492043575,0.0185718656116285,0.118394194237573
"Mper.PacBio.PsGc_2.g714",3.10608842571332,2.1128240233586,2.5898725839442,0.555732664445883,0.761413123829035,0.729870088988203,0.465469597099196,0.79302227653937
"Mper.PacBio.PsGc_2.g725",9.03259678657838,11.7172206078305,10.1366521411025,-0.358193914637983,0.371136095448356,-0.965128207767724,0.334480600019783,0.668961200039566
"Mper.PacBio.PsGc_2.g735",6.51597964307896,0.096825670482163,2.00707135413516,5.1914374624918,1.79862966439426,2.88632927904042,0.00389764139272286,0.0482707895560293
"Mper.PacBio.PsGc_2.g760",0,0,2.46682942643623,0,1.80773766498534,0,1,1
"Mper.PacBio.PsGc_2.g815",1.78936929308004,2.40780173578944,2.80762168071861,-0.353892068666246,0.81271688943374,-0.435443231545022,0.663240736256503,0.97517587705294
"Mper.PacBio.PsGc_2.g816",6.76257050670491,6.54791694788697,6.69991507356904,0.0693377741676987,0.429558872706781,0.16141623086675,0.871765583915985,1
"Mper.PacBio.PsGc_2.g820",1.69526309573983,0,2.00730014936458,3.84426322729459,1.88330101569423,2.04123674083906,0.0412273014163762,0.192394073276422
"Mper.PacBio.PsGc_2.g889",16.1110498667664,8.42487814016968,11.1210111320371,0.938683208851528,0.377973558199864,2.48346263511685,0.0130111983684643,0.0974642835405362
"Mper.PacBio.PsGc_2.g893",1.5136051785986,3.11122150350989,1.78885373846443,-1.0053323690494,0.825323258055237,-1.21810740123614,0.223183161692905,0.524505287684802
"Mper.PacBio.PsGc_2.g940",1.16121253292206,2.98824996486569,1.83650635801752,-1.36811260530623,0.939404065698295,-1.45636223565762,0.14529250937616,0.386646181976228
"Mper.PacBio.PsGc_2.g973",4.03689768368023,5.77261860244492,3.58468032031131,-0.505679019875158,0.638426919838057,-0.792070328117474,0.428319670147692,0.774825470716612
"Mper.PacBio.PsGc_2.g978",3.10171877402052,0,3.66519628226741,4.71953045491807,1.37777593759222,3.42547022788469,0.000613736193855895,0.0141159324586856
"Mper.PacBio.PsGc_3.g1016",3.18740927507937,14.8160698306338,12.2052505188713,-2.20257035844045,0.556077710350508,-3.96090387628038,7.46665877985123e-05,0.00601066031778024
"Mper.PacBio.PsGc_3.g1022",1.67152841816103,0.151567537407077,2.06252364339999,3.2514197298594,1.8277812152819,1.77888890785976,0.0752579769886041,0.262485957351394
"Mper.PacBio.PsGc_3.g1100",0.110918216447648,0.129033127588989,5.77523347085873,0.120128753003201,1.63510804942514,0.0734683882483702,0.941433398596909,1
"Mper.PacBio.PsGc_3.g1101",0,0,4.13889691659205,0,1.71337842634471,0,1,1
"Mper.PacBio.PsGc_3.g1106",0,0.287890838294297,5.52839788756046,-1.04657911512743,1.67219047247966,-0.625873148036464,0.531398148297216,0.859850270109063
"Mper.PacBio.PsGc_3.g1128",2373.87896035057,2006.0219250966,2776.69337753803,0.242975381412291,0.159541037690016,1.52296478028672,0.127767517096004,0.352241672748431
"Mper.PacBio.PsGc_3.g1129",12.7248879682242,10.9355671353861,15.7286356315747,0.233509133350734,0.389824490070599,0.599010937738788,0.549165590774792,0.865232369449306
"Mper.PacBio.PsGc_3.g1130",0.756925885727279,0,2.26788251547333,2.69983327102621,1.7506153710744,1.54221956212418,0.123020247937577,0.34747824417456
"Mper.PacBio.PsGc_3.g1137",2.00428306750398,0.454702612221231,3.13071238172517,2.21921130184067,2.02708791966042,1.09477802137583,0.273613897547735,0.591310384347975
"Mper.PacBio.PsGc_3.g1157",1.24383505850292,0.151567537407077,1.79921833090961,2.86781706874156,1.58137150361714,1.81349990320546,0.0697547535269032,0.258172765927159
"Mper.PacBio.PsGc_3.g1164",2.78095258088934,2.98182698065254,2.3312988296252,-0.0911334829890551,0.691596180440808,-0.131772681177864,0.895164095354674,1
"Mper.PacBio.PsGc_3.g1169",3.5904848075271,0.399960745296317,2.71083269995399,3.22629270944304,1.38016962302814,2.33760594032234,0.0194076995100525,0.118394194237573
"Mper.PacBio.PsGc_3.g1237",1.45539893438592,3.3724386262701,3.20368342844015,-1.15569315460309,0.710179442772837,-1.62732555323029,0.103667973562857,0.30908414340037
"Mper.PacBio.PsGc_3.g1250",32.7601208493683,38.5051058393532,37.5640030196077,-0.245392722204069,0.252962410067428,-0.970075839088737,0.332008691121403,0.668167490881823
"Mper.PacBio.PsGc_3.g1299",0.403958682079322,0.151567537407077,4.12601236769298,1.21512364963768,1.60505259244259,0.757061578766396,0.449012971076111,0.784343345429863
"Mper.PacBio.PsGc_3.g1308",2.78846575408383,0,1.90275902538181,4.55011881532738,2.02154584219564,2.25081159197726,0.0243974730327623,0.130933105275824
"Mper.PacBio.PsGc_3.g1357",63.7846568381607,27.5339223703875,47.9473788106976,1.21118175474397,0.266466956272225,4.5453356456949,5.48477811241402e-06,0.000588699517399105
"Mper.PacBio.PsGc_3.g1442",0.245571110474088,0,5.7652284192324,1.26898115044363,1.69481136036638,0.7487447748576,0.454011051070967,0.784343345429863
"Mper.PacBio.PsGc_3.g1511",15.7998530203454,11.946953664621,12.6714205382997,0.432338826107153,0.464990207991482,0.929780495754166,0.352484746849008,0.678036486130227
"Mper.PacBio.PsGc_3.g1528",0.47125763175862,10.0995875118533,5.53692557230834,-4.55925629889749,0.979465250741102,-4.65484231875279,3.24228740654479e-06,0.000522008272453711
"Mper.PacBio.PsGc_3.g1602",13.7644499902476,7.58478677325157,8.14815875008077,0.877715188921001,0.576467572489284,1.52257512964845,0.127865035881008,0.352241672748431
"Mper.PacBio.PsGc_3.g1692",5.57424071996827,4.23723502123771,3.39315197632077,0.398647655140131,0.584324051677705,0.682237285964077,0.495088921392694,0.821745529321895
"Mper.PacBio.PsGc_3.g1725",0.221836432895296,0,2.15873300199791,1.25932082726259,1.77935965099303,0.707738217262479,0.479107839761388,0.804233591833099
"Mper.PacBio.PsGc_3.g1736",5.06142823711207,1.084827312808,2.47763985778201,2.20555773001901,0.812753766852024,2.71368502979891,0.00665393976216399,0.0654962453732783
"Mper.PacBio.PsGc_3.g1864",9.30809493474858,7.26568467138084,6.80029069627422,0.336186015676203,0.447058073962506,0.751996295909419,0.452053286323493,0.784343345429863
"Mper.PacBio.PsGc_3.g1908",0.332754649342943,0,7.82857515604516,1.67465813142341,1.63385383743408,1.02497426211233,0.305375332130759,0.634392625458739
"Mper.PacBio.PsGc_3.g1953",168.242877510925,207.13096074152,162.424645112806,-0.302394861007072,0.211347094115086,-1.43079734440261,0.152488304412768,0.399197024560256
"Mper.PacBio.PsGc_3.g1966",3.82433901774354,3.49749890024679,2.67346053524887,0.0975388739676993,0.698862248520918,0.139568096823275,0.889001248898492,1
"Mper.PacBio.PsGc_3.g1967",0.958549764317561,0.151567537407077,2.98855270868171,2.48952713048675,1.56226403370057,1.59353801712361,0.111039546813644,0.326446654950762
"Mper.PacBio.PsGc_3.g2092",247.560945671648,305.498016978096,301.257560071542,-0.304190204891777,0.200502678157079,-1.517137864131,0.129231880174834,0.352241672748431
"Mper.PacBio.PsGc_3.g2223",4.03222962457427,2.84918239471961,4.62797284747475,0.512110767193607,0.586478869568009,0.873195597943401,0.382556473829827,0.712041529324881
"Mper.PacBio.PsGc_3.g337",24.5453343206048,32.2512822694317,29.6448142306858,-0.406041340028351,0.230620314681476,-1.76064862537873,0.0782978931332197,0.265880472044577
"Mper.PacBio.PsGc_3.g369",8.89613596297856,12.4618569900232,6.12843879141374,-0.483373599623207,0.627406848747307,-0.770430862507032,0.441044351965754,0.784343345429863
"Mper.PacBio.PsGc_3.g426",1.47528352357547,0,1.84675403932654,3.6581743013309,1.57262153838145,2.3261631689821,0.0200098476864927,0.118394194237573
"Mper.PacBio.PsGc_3.g481",12.9705567044205,12.0036802799003,9.85546894722806,0.108009909220063,0.501726061700685,0.215276656855228,0.829551628095667,1
"Mper.PacBio.PsGc_3.g510",0,0,2.07344780560264,0,1.70718738744023,0,1,1
"Mper.PacBio.PsGc_3.g615",0.800162192712327,0.588040897029524,29.7630468187716,0.474438067883253,1.77881587251977,0.266715670358388,0.789688087658222,0.991610300863435
"Mper.PacBio.PsGc_3.g639",2.54208827163352,1.72326747188476,1.98514476277587,0.541453081530975,1.0095467400127,0.536332851239918,0.591728530258251,0.890357881977368
"Mper.PacBio.PsGc_3.g647",1.86963017347754,0,3.00215193530088,3.99415452408497,1.74266027490569,2.29198690163585,0.0219063990214668,0.123751938331795
"Mper.PacBio.PsGc_3.g708",5.16384479041473,2.78899702511789,2.93934240749974,0.897507223329248,0.679817977537365,1.32021695951681,0.186762591199208,0.462596572047269
"Mper.PacBio.PsGc_3.g762",4.31121863281689,0,2.68980858763818,5.18336484923622,1.48334828830148,3.49436803892595,0.000475185457128061,0.012689776760529
"Mper.PacBio.PsGc_3.g778",0.51487689852697,0,2.14331052149633,2.15295584742844,1.75321542009776,1.2280041703651,0.219445402458526,0.523417922901077
"Mper.PacBio.PsGc_3.g81",4.44817676286536,6.07054388329631,5.15508807191024,-0.48311035416296,0.520972371241009,-0.927324328182975,0.35375816667664,0.678036486130227
"Mper.PacBio.PsGc_3.g867",1.62709118067596,0.687851583590613,2.50824668766431,1.26922931349923,1.18866738763463,1.06777499467274,0.285622020126795,0.613135269872186
"Mper.PacBio.PsGc_3.g868",3.6995461632438,0.298792469936471,6.54296786587612,3.80131255565631,1.49017494822243,2.55091696460925,0.0107439920021446,0.0910411953865937
"Mper.PacBio.PsGc_3.g895",134.020215636489,143.201049443872,149.819068753817,-0.0958270204971055,0.173331764229191,-0.552853199892412,0.580363936186432,0.881496167226561
"Mper.PacBio.PsGc_3.g923",3.2601211244769,3.19976916316045,3.61007239313018,0.0726895184873249,0.610936487805446,0.118980483140619,0.905290818131095,1
"Mper.PacBio.PsGc_3.g953",1.34295182232278,0.454702612221231,1.95508876602014,1.6853341044772,1.20976949888098,1.39310348461926,0.163588499538515,0.418059498820649
"Mper.PacBio.PsGc_3.g995",820.826579736588,1343.36402065119,1139.93717650462,-0.710808754860437,0.204594570351848,-3.47423078548975,0.000512320179772912,0.012689776760529
"Mper.PacBio.PsGc_4.g158",206.466510748656,7.50110059361084,35.9031011681666,4.78627080205162,2.05396564342686,2.33025845265169,0.0197924952401385,0.118394194237573
"Mper.PacBio.PsGc_4.g335",0,0.298792469936471,4.09003633386711,-1.0479504395274,1.7282267548968,-0.606373229993181,0.544266940724952,0.865232369449306
"Mper.PacBio.PsGc_4.g381",0.221836432895296,1.86044960586003,1.81697254649357,-2.6757891792102,1.27948273902296,-2.09130541397806,0.0365006948155212,0.175421249710415
"Mper.PacBio.PsGc_4.g383",5.10625861862747,4.85387191703011,4.62134326221418,0.062648594772406,0.49395987651174,0.126829319042712,0.899075489876948,1
"Mper.PacBio.PsGc_4.g610",234.430393351821,229.511797121675,160.333213053092,0.0296049737593292,0.207078411332898,0.142965041931563,0.886317790031211,1
"Mper.PacBio.PsGc_4.g625",0.421290264490324,0.151567537407077,3.72318695990573,1.23275177274692,1.60426918754912,0.768419528539481,0.44223798208037,0.784343345429863
"Mper.PacBio.PsGc_4.g627",1.69526309573983,0,2.87685300333657,3.85153368390998,1.70109638522411,2.26414782687494,0.0235650242304419,0.128609115291564
"Mper.PacBio.PsGc_4.g636",0,0,1.96433943940345,0,2.13649318581708,0,1,1
"Mper.PacBio.PsGc_4.g694",2.74099639892624,0.303135074814154,2.23400773834212,3.36446436154037,1.67624117469514,2.00714814331671,0.0447338913070836,0.197319356176451
"Mper.PacBio.PsGc_4.g697",3.35960630582183,1.68638510629325,2.52449219714602,1.05188572002127,0.778805415692972,1.35063996580624,0.176810791848585,0.441341666474763
"Mper.PacBio.PsGc_4.g772",0,0,4.7193416515228,0,1.66931959281992,0,1,1
"Mper.PacBio.PsGc_4.g811",28.0576290236264,22.3160501748385,26.4878744303705,0.337757723528834,0.260967326245038,1.2942529181285,0.195578073445796,0.477091967042018
"Mper.PacBio.PsGc_4.g830",8.10970356264302,7.02666965483172,4.59392736892111,0.205979470914063,0.544246891281708,0.378466968233809,0.70508372761122,0.979169594812235
"Mper.PacBio.PsGc_4.g842",0,0.151567537407077,3.06725624524849,-0.456942067749911,1.61650868020819,-0.282672201729879,0.777428127317526,0.991610300863435
"Mper.PacBio.PsGc_4.g892",3.55477185798356,3.58630325089698,2.2652636150643,-0.0318752618651831,0.720095404538634,-0.0442653315995061,0.964692905949527,1
"Mper.PacBio.PsGc_5.g1113",1.14067201350159,0.399960745296317,1.96672436343674,1.58233504397293,1.53146347442831,1.03321761856815,0.301502069592035,0.634392625458739
"Mper.PacBio.PsGc_5.g1218",3.05777154213671,0,2.41770994538493,4.68671754038401,1.7369198555324,2.69829233942831,0.00696962060302314,0.0660064068874545
"Mper.PacBio.PsGc_5.g1298",53.613431010517,95.617391365182,52.6302435688021,-0.836243771859838,0.434636565604612,-1.92400694749775,0.0543537126345439,0.221542980611685
"Mper.PacBio.PsGc_5.g192",7.39041384400566,4.32269906991637,4.7867228746667,0.803512198192429,0.530929300212264,1.51340714831746,0.130176270363551,0.352241672748431
"Mper.PacBio.PsGc_5.g195",1.98824856670365,3.06413956114859,1.87528410241564,-0.600774377191223,0.897798239059163,-0.669164129594192,0.503390785244655,0.831240168455277
"Mper.PacBio.PsGc_5.g318",0,0.151567537407077,2.0761015863679,-0.456957576810854,2.34907436990554,-0.194526653845033,0.845763527571386,1
"Mper.PacBio.PsGc_5.g322",1.63809574154135,1.87483500929184,2.18037549740765,-0.193143707072547,0.869906740388596,-0.222028061291108,0.824292038712417,1
"Mper.PacBio.PsGc_5.g330",0.332754649342943,0,3.38360787002627,1.67576396789235,1.62786112576445,1.02942686041808,0.303279132488512,0.634392625458739
"Mper.PacBio.PsGc_5.g346",0.900807852147678,1.04274350925075,2.00815612259225,-0.251989772612183,1.05499281258833,-0.238854492282225,0.811218414139874,0.996993623484883
"Mper.PacBio.PsGc_5.g359",1.16473465619584,3.03709609434912,3.19601159694122,-1.41686000152912,0.819165435841951,-1.72963840945371,0.0836948991007174,0.273865121824164
"Mper.PacBio.PsGc_5.g401",9.8987506631123,0,2.52887830763601,6.36968663779021,1.83257299967897,3.47581604602167,0.000509301498765913,0.012689776760529
"Mper.PacBio.PsGc_5.g404",0.134652894026441,0.151567537407077,3.19892719312585,0.120130946523381,1.74995871683314,0.0686478745857382,0.94526991031268,1
"Mper.PacBio.PsGc_5.g483",0,0,3.27606222516912,0,1.79252627623971,0,1,1
"Mper.PacBio.PsGc_5.g492",0,0.096825670482163,3.68077919623096,-0.456950861492524,1.838942546204,-0.248485665001212,0.803758660016635,0.991610300863435
"Mper.PacBio.PsGc_5.g502",7.91794796573448,3.12802662799019,5.34144098683122,1.31691804662049,0.506961713547675,2.59766765700079,0.00938592877634504,0.0839519184995306
"Mper.PacBio.PsGc_5.g504",0,0.151567537407077,1.99214659278455,-0.456946117446964,1.8114540461855,-0.252253772823653,0.800844916849398,0.991610300863435
"Mper.PacBio.PsGc_5.g513",3.71654518593522,1.75603962342162,2.40687558030595,1.07518819676577,0.759340907433561,1.41594926105023,0.15679036056045,0.405205643770643
"Mper.PacBio.PsGc_5.g595",3.36479369163844,2.80481431206482,3.16562401311367,0.23547982610405,0.65030118551117,0.362108867937786,0.717270677050869,0.979169594812235
"Mper.PacBio.PsGc_5.g678",0.134652894026441,0,3.73127423584219,0.697199849144854,1.71400889745828,0.406765595078728,0.684180158114001,0.977183216109485
"Mper.PacBio.PsGc_5.g679",0.356489326921736,0.151567537407077,2.3663089271886,1.10684577694005,1.86073059895597,0.594844722584283,0.551947269911772,0.865232369449306
"Mper.PacBio.PsGc_5.g700",2.4082417495833,0.151567537407077,3.2903342855757,3.77659004583939,1.60971248613194,2.34612707447797,0.0189696387717058,0.118394194237573
"Mper.PacBio.PsGc_5.g746",13.0659142323244,15.3299193797832,15.866497367182,-0.240721173287107,0.338547353120467,-0.711041368565803,0.477058600903071,0.804233591833099
"Mper.PacBio.PsGc_5.g828",41.0108995380679,53.3523882514544,52.9979684804067,-0.385782820232455,0.206907991717373,-1.86451386933095,0.062249575730794,0.248109344697109
"Mper.PacBio.PsGc_5.g874",296.603491864548,229.954803699443,377.678584262555,0.368264272544331,0.209843766006859,1.75494502196597,0.0792687121623582,0.265880472044577
"Mper.PacBio.PsGc_5.g94",1.58434487929218,0.151567537407077,9.63733373953778,3.18468114825629,1.5784566616054,2.01759175637882,0.0436337961305054,0.197319356176451
"Mper.PacBio.PsGc_7.g104",6.17816961683554,5.05703045377987,4.9504100257224,0.302608234654045,0.53877220975891,0.561662664058818,0.574345876876649,0.876489916370999
"Mper.PacBio.PsGc_7.g1077",0,0,4.93507527382276,0,1.81066226869936,0,1,1
"Mper.PacBio.PsGc_7.g189",1.83600589866975,0.151567537407077,3.07453996832252,3.38226767055025,1.40539709205164,2.40662777066994,0.0161005708633066,0.110306038680526
"Mper.PacBio.PsGc_7.g239",2.99805118115968,0.896506414254734,1.94799044699318,1.74312978140177,0.93906072971814,1.85624819166378,0.0634181899095208,0.24903240427885
"Mper.PacBio.PsGc_7.g265",0,0,2.2745209797333,0,1.69221146988939,0,1,1
"Mper.PacBio.PsGc_7.g310",0,0,6.88295076089219,0,1.72807269094021,0,1,1
"Mper.PacBio.PsGc_7.g318",1.11693733592279,0.129033127588989,2.38350606221913,2.67526246611238,1.7984989503407,1.4874973741884,0.136883496215971,0.367304048179523
"Mper.PacBio.PsGc_7.g340",3.0731053022853,2.58554495031051,2.1870045536638,0.237323975659276,0.881559405077956,0.269209283336146,0.787768636833652,0.991610300863435
"Mper.PacBio.PsGc_7.g379",0.715546439473175,0.502116858189536,5.06429040229156,0.474789081633919,1.30959067728134,0.362547695146673,0.716942788593172,0.979169594812235
"Mper.PacBio.PsGc_7.g397",0.245571110474088,0.303135074814154,5.24008137639548,0.104799943284207,1.6025561621614,0.0653954886316502,0.947859115943432,1
"Mper.PacBio.PsGc_7.g400",1.44969198526574,0,2.36373665626659,3.63434710001175,1.64858713588732,2.2045222972431,0.0274876336190064,0.140492349608255
"Mper.PacBio.PsGc_7.g419",6.26101765631802,7.73135126367962,5.38563543485577,-0.278056283054642,0.561746104237137,-0.494985690078347,0.620610221694621,0.925168941600315
"Mper.PacBio.PsGc_7.g423",11.1509878706771,16.936484992615,14.6043667689371,-0.592943631599561,0.361557565892942,-1.63997019433175,0.101011364359511,0.30908414340037
"Mper.PacBio.PsGc_7.g431",37.7664121176682,33.7070883999477,63.7732987542741,0.172144016029327,0.4029046449334,0.42725746201755,0.66919181221905,0.977183216109485
"Mper.PacBio.PsGc_7.g433",5.91179031513069,3.56174736235674,4.27814219224945,0.723960084690743,0.600772599790496,1.20504844086299,0.228184602136145,0.527758017187508
"Mper.PacBio.PsGc_7.g492",4.44113369421837,0.74517962366772,2.00762762034206,2.5817276940491,1.25960224211457,2.04963726462966,0.0403998411565579,0.191305130182524
"Mper.PacBio.PsGc_7.g494",0,0.298792469936471,2.20051138410602,-1.04925029165375,1.78637127965424,-0.58736406233358,0.556959224547622,0.865232369449306
"Mper.PacBio.PsGc_7.g620",86.1674817287641,154.318734120587,183.189835681103,-0.842736752156951,0.271271188265919,-3.10662093362765,0.00189238887260101,0.0304674608488762
"Mper.PacBio.PsGc_7.g627",10.3014226844209,5.60998358189236,6.33064021537659,0.902096639354372,0.5717050153381,1.57790576460289,0.114587260483947,0.326522990051602
"Mper.PacBio.PsGc_7.g989",3.68356665711133,0,2.35984024427855,4.95148241569024,1.77646695772414,2.78726400970253,0.00531551541101379,0.0574690575045348
"Mper.PacBio.PsGc_7.g991",10.4890646425482,0.303135074814154,3.83028802521282,5.28351685929094,1.61035262277771,3.28096889125895,0.00103451153644602,0.0208195446709762
"Mper.PacBio.PsGc_9.g100",0,0,15.2683638541641,0,1.63794746942422,0,1,1
"Mper.PacBio.PsGc_9.g1003",45.6149081595166,28.4318196559867,34.5464480005226,0.688260988007062,0.380632397244811,1.80820390746822,0.0705747707075932,0.25823950190733
"Mper.PacBio.PsGc_9.g102",4.54717771111372,0.147224932529394,2.07086752714365,4.67961854249319,1.68034827877361,2.78490989136405,0.00535426001595045,0.0574690575045348
"Mper.PacBio.PsGc_9.g1020",2.61821013644245,1.48736587525949,2.36817393980333,0.857053212294336,0.848451101531327,1.01013860521541,0.312428888627633,0.636722165430999
"Mper.PacBio.PsGc_9.g1036",223.585634810231,240.37651028798,264.18422357204,-0.105147346826564,0.270741077976415,-0.388368649532096,0.697743241078639,0.979169594812235
"Mper.PacBio.PsGc_9.g1039",31.3340970140563,50.2678182427092,45.7931492068259,-0.687718070989066,0.406354398043636,-1.69240956736296,0.0905679094271868,0.288741255797566
"Mper.PacBio.PsGc_9.g1040",5.56644509611234,6.22877668106726,4.06520882932918,-0.176067486017034,0.569468163002438,-0.309178804814556,0.757185515883416,0.991610300863435
"Mper.PacBio.PsGc_9.g1070",1.54924694012966,2.56936626809523,2.66057975622162,-0.718001042327658,0.887964489001996,-0.808592067836672,0.418749828888037,0.761793474022305
"Mper.PacBio.PsGc_9.g1072",0.847631547869913,0,6.47589875696215,2.89972433327242,1.49887253066153,1.93460369307898,0.0530389464967565,0.218955650922508
"Mper.PacBio.PsGc_9.g1094",1.64668366255555,1.86283247985054,2.11200327362163,-0.199878811843192,0.914634996126074,-0.218533964575789,0.827013097848393,1
"Mper.PacBio.PsGc_9.g1100",1.093202658344,0.151567537407077,2.2434202117467,2.6729582497148,1.50544628854509,1.77552548374079,0.0758111615952784,0.262485957351394
"Mper.PacBio.PsGc_9.g1164",10.5504285368116,11.9921210791502,9.93535017715553,-0.191742427763422,0.402466056948641,-0.476418879189831,0.633775987270648,0.940441787562897
"Mper.PacBio.PsGc_9.g1174",7.07456201183082,0.547185677825711,3.21239926350099,3.72892762586262,1.71311537219566,2.17669380964303,0.0295034204867583,0.146155406103633
"Mper.PacBio.PsGc_9.g1252",0,0.151567537407077,10.5224544942618,-0.456952735312908,1.60154872730751,-0.285319283467028,0.775399540523651,0.991610300863435
"Mper.PacBio.PsGc_9.g1258",4.3495243310883,1.77661430235254,2.15161580052829,1.27315992889552,0.839095068746831,1.51730116921906,0.129190663154946,0.352241672748431
"Mper.PacBio.PsGc_9.g1301",1.31255585797973,1.82913974739064,2.38331260713273,-0.501823862976837,0.824690749591047,-0.608499444459253,0.542856274307573,0.865232369449306
"Mper.PacBio.PsGc_9.g1316",15.8230589454124,7.02422084212187,9.5205793387888,1.17013644270218,0.394848085102229,2.96351049138106,0.0030415169359177,0.0425812371028478
"Mper.PacBio.PsGc_9.g1333",0.602060437395825,0.151567537407077,3.10306692179057,1.8693110675969,1.42593349689527,1.31093846358684,0.189878554555786,0.466724386007352
"Mper.PacBio.PsGc_9.g1337",301.917271026419,125.228548762623,132.043475568134,1.26909499395734,0.265552202603481,4.77907914720757,1.76099867442266e-06,0.000522008272453711
"Mper.PacBio.PsGc_9.g134",0.154865448331455,0.454702612221231,10.9951708123196,-1.08953373248199,1.5409837932778,-0.707037762002971,0.479543011279363,0.804233591833099
"Mper.PacBio.PsGc_9.g1394",76.1987851431953,118.503765131869,104.136499204538,-0.639123612690363,0.254887292267387,-2.50747539041647,0.0121597048633223,0.09549816990219
"Mper.PacBio.PsGc_9.g1397",7.33750032592849,0.151567537407077,5.55057593512724,5.3687061797356,1.46158653704392,3.67320445534063,0.000239527679487908,0.0124868870263974
"Mper.PacBio.PsGc_9.g1438",0.134652894026441,0,2.75900413826645,0.697201247663923,1.74139116777699,0.400370267499376,0.688883820052339,0.977183216109485
"Mper.PacBio.PsGc_9.g1664",0.110918216447648,0,6.18317769629683,0.697199741541184,1.73031529816116,0.402932195237546,0.686998105993921,0.977183216109485
"Mper.PacBio.PsGc_9.g1808",5.19049459219396,8.34387734481698,6.21044265025677,-0.686459360731724,0.500936390409163,-1.37035235186453,0.170576938245732,0.432486410355321
"Mper.PacBio.PsGc_9.g1839",40.193206335629,33.2489632798617,32.3083445559399,0.270955077533172,0.222927358688614,1.21544111555927,0.224197894530215,0.524505287684802
"Mper.PacBio.PsGc_9.g184",0.134652894026441,0.151567537407077,16.6706212285631,0.120122098814347,1.57260203004892,0.0763842959115412,0.939113363149146,1
"Mper.PacBio.PsGc_9.g302",0,0,3.27009008428317,0,1.6218328990105,0,1,1
"Mper.PacBio.PsGc_9.g367",0.82389687029112,0,2.02801198955758,2.8536692635625,1.65824653093384,1.72089566317709,0.0852697587056222,0.274568623032104
"Mper.PacBio.PsGc_9.g372",0,0,3.6581696845077,0,1.84290391037745,0,1,1
"Mper.PacBio.PsGc_9.g398",29.3686345623397,1.20819769437893,18.4705515717759,4.65180532779413,1.38876862061756,3.3495898875693,0.000809312913256036,0.0173732505378962
"Mper.PacBio.PsGc_9.g435",0.110918216447648,0.151567537407077,3.4291388483228,0.120131155620681,1.65265583314383,0.0726897598468259,0.942052997450882,1
"Mper.PacBio.PsGc_9.g459",23.4727463733697,32.3526649562534,28.5344162514634,-0.460028984439334,0.282609318908936,-1.62779127813392,0.103569150541403,0.30908414340037
"Mper.PacBio.PsGc_9.g472",14.3417439243049,14.0254530044794,13.3432482180858,0.0407760043640198,0.396234829167143,0.10290868283772,0.918035446383519,1
"Mper.PacBio.PsGc_9.g479",0,0.151567537407077,22.7661084648262,-0.456954418668286,1.61821032216663,-0.282382587979335,0.777650164736203,0.991610300863435
"Mper.PacBio.PsGc_9.g572",6.503433409957,6.39332754734298,6.5186052772193,0.0178338282616901,0.537658015881365,0.0331694641108543,0.973539448826729,1
"Mper.PacBio.PsGc_9.g574",0.491142220948177,0.151567537407077,2.26094453403571,1.56131001920748,1.5220105421697,1.0258207653291,0.304976076208694,0.634392625458739
"Mper.PacBio.PsGc_9.g623",3.62865072216761,5.57396900598632,13.6490381401556,-0.5672486042164,0.62005304147869,-0.914838838405883,0.360276242239203,0.678823329181935
"Mper.PacBio.PsGc_9.g631",0.871366225448706,0,1.84206544483497,2.90924311109333,1.67784541987881,1.73391605485532,0.0829329787847757,0.273865121824164
"Mper.PacBio.PsGc_9.g635",1.46357121792195,1.71498110505613,3.34607159874263,-0.148620287511369,0.954541951467315,-0.155698015454335,0.876271061531463,1
"Mper.PacBio.PsGc_9.g663",14.7648290507219,5.24067716113907,8.08120015288152,1.49120584475527,0.607443889865415,2.45488656587797,0.0140929050721695,0.103134441664513
"Mper.PacBio.PsGc_9.g677",59.1729184765659,69.1821706961775,62.601065741349,-0.226302960787004,0.239159696387379,-0.946242047491355,0.34402514438842,0.678036486130227
"Mper.PacBio.PsGc_9.g679",3.6443216366399,0.096825670482163,3.48224079063526,4.37130200066256,1.61255754063007,2.7107882295813,0.00671234812831734,0.0654962453732783
"Mper.PacBio.PsGc_9.g7",0.315109880667632,0.712768867399209,7.09361390337249,-1.22676980444978,1.44968974544599,-0.846229207527693,0.39742489122742,0.735464453880628
"Mper.PacBio.PsGc_9.g784",28.1873610257058,33.5024608096305,29.7329830066016,-0.255839902289667,0.27158771208376,-0.942015750001103,0.346184576314111,0.678036486130227
"Mper.PacBio.PsGc_9.g818",2.43197642716209,0,2.48603980545005,4.36151055265804,1.72633837969033,2.52645171072453,0.011522122722349,0.0927530879149099
"Mper.PacBio.PsGc_9.g851",1.02975379705394,0.151567537407077,6.75323369677817,2.57013138694475,1.46075764702168,1.75945092068144,0.0785009494621244,0.265880472044577
"Mper.PacBio.PsGc_9.g862",2.13893596153042,0.303135074814154,1.78440421228651,3.01248618851707,1.69061863842218,1.78188393293036,0.0747681611716415,0.262485957351394
"Mper.PacBio.PsGc_9.g864",4.79989239935665,1.90896474962746,2.99680023654269,1.28777566937934,0.691106610929059,1.86335313396608,0.0624125991318816,0.248109344697109
"Mper.PacBio.PsGc_9.g922",3.63514296430967,1.93945322266717,6.08225953776057,0.917593400144527,0.833879001879974,1.10039154130973,0.271161562375916,0.591310384347975
"Mper.PacBio.PsGc_9.g932",4.34572605725627,2.67269757350394,2.85625697209069,0.718434081119454,0.778731348885754,0.922569872328145,0.356231402133859,0.678736754361554
"Mper.PacBio.PsGc_9.g934",1.69526309573983,0.298792469936471,3.02436794167757,2.70849521211666,1.39807541488091,1.93730265426874,0.0527083580066918,0.218955650922508
"Mper.PacBio.PsGc_9.g969",6.00779358901854,5.2998982760934,8.24602570225112,0.201747639122471,0.585576803973399,0.344528058067744,0.730449198841399,0.991610300863435
"Mper.PacBio.PsGc_9.g970",383.90041088703,355.036935658897,469.295271589365,0.113004010804612,0.312512577684124,0.361598280754103,0.717652249613936,0.979169594812235
"Mper.PacBio.PsGc_9.g987",6.94939496730132,6.69566972778842,8.11175678523917,0.0970962765132988,0.466633471802889,0.208078250662467,0.835167868945895,1
